Store,StoreType,Assortment,CompetitionDistance,CompetitionOpenSinceMonth,CompetitionOpenSinceYear,Promo2,Promo2SinceWeek,Promo2SinceYear,PromoInterval
1,c,a,1270.0,9,2008,False,1,1900,
2,a,a,570.0,11,2007,True,13,2010,"Jan,Apr,Jul,Oct"
3,a,a,14130.0,12,2006,True,14,2011,"Jan,Apr,Jul,Oct"
4,c,c,620.0,9,2009,False,1,1900,
5,a,a,29910.0,4,2015,False,1,1900,
6,a,a,310.0,12,2013,False,1,1900,
7,a,c,24000.0,4,2013,False,1,1900,
8,a,a,7520.0,10,2014,False,1,1900,
9,a,c,2030.0,8,2000,False,1,1900,
10,a,a,3160.0,9,2009,False,1,1900,
11,a,c,960.0,11,2011,True,1,2012,"Jan,Apr,Jul,Oct"
12,a,c,1070.0,1,1900,True,13,2010,"Jan,Apr,Jul,Oct"
13,d,a,310.0,1,1900,True,45,2009,"Feb,May,Aug,Nov"
14,a,a,1300.0,3,2014,True,40,2011,"Jan,Apr,Jul,Oct"
15,d,c,4110.0,3,2010,True,14,2011,"Jan,Apr,Jul,Oct"
16,a,c,3270.0,1,1900,False,1,1900,
17,a,a,50.0,12,2005,True,26,2010,"Jan,Apr,Jul,Oct"
18,d,c,13840.0,6,2010,True,14,2012,"Jan,Apr,Jul,Oct"
19,a,c,3240.0,1,1900,True,22,2011,"Mar,Jun,Sept,Dec"
20,d,a,2340.0,5,2009,True,40,2014,"Jan,Apr,Jul,Oct"
21,c,c,550.0,10,1999,True,45,2009,"Jan,Apr,Jul,Oct"
22,a,a,1040.0,1,1900,True,22,2012,"Jan,Apr,Jul,Oct"
23,d,a,4060.0,8,2005,False,1,1900,
24,a,c,4590.0,3,2000,True,40,2011,"Jan,Apr,Jul,Oct"
25,c,a,430.0,4,2003,False,1,1900,
26,d,a,2300.0,1,1900,False,1,1900,
27,a,a,60.0,1,2005,True,5,2011,"Jan,Apr,Jul,Oct"
28,a,a,1200.0,10,2014,True,6,2015,"Mar,Jun,Sept,Dec"
29,d,c,2170.0,1,1900,False,1,1900,
30,a,a,40.0,2,2014,True,10,2014,"Mar,Jun,Sept,Dec"
31,d,c,9800.0,7,2012,False,1,1900,
32,a,a,2910.0,1,1900,True,45,2009,"Feb,May,Aug,Nov"
33,a,c,1320.0,5,2013,False,1,1900,
34,c,a,2240.0,9,2009,False,1,1900,
35,d,c,7660.0,10,2000,True,1,2012,"Jan,Apr,Jul,Oct"
36,a,c,540.0,6,2003,True,40,2014,"Jan,Apr,Jul,Oct"
37,c,a,4230.0,12,2014,False,1,1900,
38,d,a,1090.0,4,2007,False,1,1900,
39,a,a,260.0,10,2006,True,31,2013,"Feb,May,Aug,Nov"
40,a,a,180.0,1,1900,True,45,2009,"Feb,May,Aug,Nov"
41,d,c,1180.0,1,1900,True,31,2013,"Jan,Apr,Jul,Oct"
42,a,c,290.0,1,1900,True,40,2011,"Jan,Apr,Jul,Oct"
43,d,a,4880.0,1,1900,True,37,2009,"Jan,Apr,Jul,Oct"
44,a,a,540.0,6,2011,False,1,1900,
45,d,a,9710.0,2,2014,False,1,1900,
46,c,a,1200.0,9,2005,True,14,2011,"Jan,Apr,Jul,Oct"
47,a,c,270.0,4,2013,True,14,2013,"Jan,Apr,Jul,Oct"
48,a,a,1060.0,5,2012,False,1,1900,
49,d,c,18010.0,9,2007,False,1,1900,
50,d,a,6260.0,11,2009,False,1,1900,
51,a,c,10570.0,7,2013,True,9,2011,"Jan,Apr,Jul,Oct"
52,d,c,450.0,4,2014,True,39,2010,"Jan,Apr,Jul,Oct"
53,a,c,30360.0,9,2013,False,1,1900,
54,d,c,7170.0,8,2014,True,5,2013,"Feb,May,Aug,Nov"
55,a,a,720.0,11,2004,False,1,1900,
56,d,c,6620.0,3,2012,True,10,2014,"Mar,Jun,Sept,Dec"
57,d,c,420.0,6,2014,False,1,1900,
58,a,c,7340.0,5,2008,True,27,2012,"Jan,Apr,Jul,Oct"
59,a,c,2840.0,6,2007,True,14,2011,"Jan,Apr,Jul,Oct"
60,d,c,5540.0,10,2009,False,1,1900,
61,a,c,350.0,12,2007,True,1,2012,"Jan,Apr,Jul,Oct"
62,a,a,2050.0,1,1900,False,1,1900,
63,c,c,3700.0,6,2010,True,18,2010,"Feb,May,Aug,Nov"
64,d,c,22560.0,1,1900,True,14,2013,"Jan,Apr,Jul,Oct"
65,a,c,13840.0,5,2010,True,1,2012,"Jan,Apr,Jul,Oct"
66,d,a,7660.0,1,1900,True,37,2009,"Jan,Apr,Jul,Oct"
67,a,c,410.0,2,2006,False,1,1900,
68,a,c,250.0,1,1900,True,35,2012,"Mar,Jun,Sept,Dec"
69,c,c,1130.0,1,1900,True,40,2011,"Jan,Apr,Jul,Oct"
70,c,c,4840.0,1,1900,False,1,1900,
71,a,a,17500.0,8,2008,True,37,2009,"Mar,Jun,Sept,Dec"
72,a,a,2200.0,12,2009,True,13,2010,"Jan,Apr,Jul,Oct"
73,a,c,1650.0,9,2008,False,1,1900,
74,a,a,330.0,1,1900,False,1,1900,
75,d,c,22440.0,12,2013,False,1,1900,
76,d,c,19960.0,3,2006,False,1,1900,
77,d,c,1090.0,8,2009,True,10,2014,"Jan,Apr,Jul,Oct"
78,a,a,3510.0,11,2006,True,5,2013,"Feb,May,Aug,Nov"
79,a,a,3320.0,1,1900,False,1,1900,
80,d,a,7910.0,1,1900,False,1,1900,
81,a,a,2370.0,3,2011,True,40,2014,"Jan,Apr,Jul,Oct"
82,a,a,22390.0,4,2008,True,37,2009,"Jan,Apr,Jul,Oct"
83,a,a,2710.0,1,1900,False,1,1900,
84,a,c,11810.0,8,2014,False,1,1900,
85,b,a,1870.0,10,2011,False,1,1900,
86,a,a,480.0,2,2005,True,31,2013,"Jan,Apr,Jul,Oct"
87,a,a,560.0,12,2010,False,1,1900,
88,a,a,10690.0,10,2005,False,1,1900,
89,a,a,2380.0,7,2004,True,40,2014,"Jan,Apr,Jul,Oct"
90,a,a,330.0,11,2007,False,1,1900,
91,c,a,2410.0,1,1900,True,35,2011,"Jan,Apr,Jul,Oct"
92,c,a,240.0,1,1900,True,45,2009,"Feb,May,Aug,Nov"
93,a,a,16690.0,1,1900,True,14,2011,"Jan,Apr,Jul,Oct"
94,d,c,14620.0,1,1900,False,1,1900,
95,a,a,1890.0,10,2014,False,1,1900,
96,a,a,8780.0,2,2005,True,37,2009,"Jan,Apr,Jul,Oct"
97,d,c,8980.0,1,1900,False,1,1900,
98,d,c,15140.0,12,2006,True,1,2012,"Jan,Apr,Jul,Oct"
99,c,c,2030.0,11,2003,True,22,2012,"Mar,Jun,Sept,Dec"
100,d,a,17930.0,1,1900,False,1,1900,
101,d,c,2440.0,1,1900,True,22,2012,"Mar,Jun,Sept,Dec"
102,a,a,150.0,12,2007,True,10,2014,"Mar,Jun,Sept,Dec"
103,d,c,5210.0,5,2015,False,1,1900,
104,a,a,390.0,6,2009,False,1,1900,
105,a,c,6190.0,1,1900,True,23,2013,"Mar,Jun,Sept,Dec"
106,a,a,1390.0,8,2013,False,1,1900,
107,a,a,1930.0,9,2009,False,1,1900,
108,d,c,2190.0,9,2003,False,1,1900,
109,a,c,3300.0,11,2010,False,1,1900,
110,a,c,46590.0,4,2013,False,1,1900,
111,d,c,7890.0,1,1900,True,37,2009,"Jan,Apr,Jul,Oct"
112,a,a,1630.0,9,2009,False,1,1900,
113,d,c,20930.0,11,1999,False,1,1900,
114,c,a,4510.0,1,1900,True,48,2011,"Mar,Jun,Sept,Dec"
115,d,c,5740.0,4,2007,True,40,2014,"Jan,Apr,Jul,Oct"
116,a,a,680.0,4,2013,False,1,1900,
117,a,a,3450.0,9,2011,False,1,1900,
118,d,c,3580.0,9,2012,False,1,1900,
119,a,c,2100.0,2,2010,False,1,1900,
120,d,a,2290.0,12,2014,True,37,2009,"Jan,Apr,Jul,Oct"
121,a,a,3570.0,11,2009,True,36,2013,"Mar,Jun,Sept,Dec"
122,a,c,58260.0,4,2013,False,1,1900,
123,a,a,16760.0,9,2011,False,1,1900,
124,a,a,1410.0,4,2003,False,1,1900,
125,a,a,760.0,12,2005,False,1,1900,
126,d,a,3370.0,10,2014,True,18,2011,"Feb,May,Aug,Nov"
127,d,a,1350.0,12,2005,True,13,2010,"Jan,Apr,Jul,Oct"
128,d,c,2000.0,1,1900,True,1,2013,"Jan,Apr,Jul,Oct"
129,a,a,2460.0,1,1900,True,14,2011,"Jan,Apr,Jul,Oct"
130,c,a,900.0,1,1900,True,13,2010,"Jan,Apr,Jul,Oct"
131,c,a,920.0,7,2015,False,1,1900,
132,d,c,1040.0,1,1900,True,27,2012,"Jan,Apr,Jul,Oct"
133,a,a,270.0,8,2013,True,10,2014,"Mar,Jun,Sept,Dec"
134,a,a,1200.0,9,2008,False,1,1900,
135,d,a,5190.0,1,1900,True,1,2013,"Jan,Apr,Jul,Oct"
136,a,c,2200.0,12,2010,True,22,2012,"Feb,May,Aug,Nov"
137,a,a,1730.0,7,2015,True,40,2014,"Jan,Apr,Jul,Oct"
138,a,c,25360.0,10,2014,False,1,1900,
139,a,a,1700.0,1,2008,True,14,2011,"Jan,Apr,Jul,Oct"
140,a,c,1090.0,7,2010,True,1,2013,"Jan,Apr,Jul,Oct"
141,c,c,1540.0,1,1900,True,22,2012,"Mar,Jun,Sept,Dec"
142,a,a,1090.0,7,2002,False,1,1900,
143,d,a,2930.0,12,2002,False,1,1900,
144,a,c,16570.0,1,1900,False,1,1900,
145,a,a,280.0,1,1900,True,45,2009,"Feb,May,Aug,Nov"
146,d,c,8050.0,10,1961,True,48,2012,"Jan,Apr,Jul,Oct"
147,d,c,8540.0,1,1900,False,1,1900,
148,a,a,2090.0,12,2008,False,1,1900,
149,d,a,2610.0,7,2006,True,14,2011,"Jan,Apr,Jul,Oct"
150,c,c,31830.0,3,2010,False,1,1900,
151,d,c,4360.0,10,2005,False,1,1900,
152,a,a,1780.0,1,1900,False,1,1900,
153,a,a,16240.0,10,2000,True,18,2011,"Feb,May,Aug,Nov"
154,d,c,16420.0,1,1900,False,1,1900,
155,d,a,3050.0,1,1900,True,35,2010,"Jan,Apr,Jul,Oct"
156,a,a,2020.0,2,2011,True,14,2011,"Mar,Jun,Sept,Dec"
157,a,c,2950.0,10,2004,False,1,1900,
158,d,c,11840.0,1,1900,True,31,2009,"Feb,May,Aug,Nov"
159,d,a,8530.0,3,2013,False,1,1900,
160,d,c,17110.0,11,2005,False,1,1900,
161,a,c,2970.0,3,2005,False,1,1900,
162,d,c,5340.0,3,2012,True,13,2010,"Jan,Apr,Jul,Oct"
163,a,a,1480.0,4,2009,False,1,1900,
164,a,a,1160.0,9,2005,True,13,2010,"Jan,Apr,Jul,Oct"
165,a,a,3720.0,4,2005,True,13,2010,"Jan,Apr,Jul,Oct"
166,a,c,100.0,4,2014,True,31,2013,"Jan,Apr,Jul,Oct"
167,a,a,140.0,4,2008,False,1,1900,
168,a,a,12540.0,1,1900,False,1,1900,
169,d,a,980.0,7,2014,True,18,2014,"Feb,May,Aug,Nov"
170,a,a,1070.0,5,2015,True,14,2011,"Jan,Apr,Jul,Oct"
171,a,a,2640.0,1,1900,False,1,1900,
172,a,a,110.0,1,1900,True,40,2014,"Jan,Apr,Jul,Oct"
173,a,a,350.0,12,2012,False,1,1900,
174,a,a,13090.0,1,1900,True,22,2012,"Jan,Apr,Jul,Oct"
175,c,a,4130.0,1,1900,False,1,1900,
176,a,a,3770.0,1,1900,False,1,1900,
177,a,a,1250.0,2,2004,True,5,2013,"Feb,May,Aug,Nov"
178,d,a,1710.0,1,1900,False,1,1900,
179,a,c,480.0,1,1900,False,1,1900,
180,d,a,5800.0,9,2010,False,1,1900,
181,a,a,12610.0,3,2013,True,14,2011,"Jan,Apr,Jul,Oct"
182,d,c,1390.0,1,1900,True,9,2011,"Mar,Jun,Sept,Dec"
183,a,a,9670.0,1,1900,False,1,1900,
184,d,c,3560.0,1,1900,False,1,1900,
185,d,c,1860.0,5,2015,False,1,1900,
186,a,a,290.0,10,2011,True,40,2014,"Jan,Apr,Jul,Oct"
187,a,c,19360.0,1,1900,False,1,1900,
188,d,a,850.0,1,1900,True,18,2011,"Feb,May,Aug,Nov"
189,d,a,5760.0,7,2014,False,1,1900,
190,a,a,1470.0,12,2006,True,40,2014,"Jan,Apr,Jul,Oct"
191,a,a,1100.0,8,2013,True,40,2014,"Jan,Apr,Jul,Oct"
192,d,c,2770.0,3,2008,True,40,2014,"Jan,Apr,Jul,Oct"
193,a,a,520.0,1,1900,False,1,1900,
194,d,c,16970.0,1,1900,True,5,2013,"Feb,May,Aug,Nov"
195,a,c,220.0,1,1900,False,1,1900,
196,c,a,3850.0,11,2005,True,14,2011,"Jan,Apr,Jul,Oct"
197,c,a,4210.0,3,2015,False,1,1900,
198,a,a,290.0,9,2002,True,13,2010,"Jan,Apr,Jul,Oct"
199,d,c,6360.0,12,2010,True,14,2012,"Mar,Jun,Sept,Dec"
200,a,a,1650.0,10,2000,False,1,1900,
201,d,a,20260.0,1,1900,True,18,2014,"Mar,Jun,Sept,Dec"
202,d,c,5140.0,5,2010,False,1,1900,
203,c,c,490.0,11,2002,False,1,1900,
204,a,a,5630.0,12,2002,True,40,2014,"Jan,Apr,Jul,Oct"
205,a,a,110.0,12,2007,False,1,1900,
206,a,c,380.0,1,1900,True,14,2012,"Jan,Apr,Jul,Oct"
207,a,a,6870.0,1,1900,False,1,1900,
208,c,a,300.0,4,2006,False,1,1900,
209,a,c,11680.0,9,2011,True,31,2013,"Jan,Apr,Jul,Oct"
210,d,a,970.0,11,1999,True,5,2013,"Feb,May,Aug,Nov"
211,a,c,350.0,11,2006,False,1,1900,
212,a,c,15050.0,9,2008,False,1,1900,
213,d,c,4030.0,3,2014,True,1,2014,"Jan,Apr,Jul,Oct"
214,d,a,8650.0,7,2013,True,10,2014,"Jan,Apr,Jul,Oct"
215,d,a,150.0,1,1900,True,45,2009,"Feb,May,Aug,Nov"
216,c,a,190.0,1,1900,True,45,2009,"Feb,May,Aug,Nov"
217,c,a,3150.0,1,1900,False,1,1900,
218,a,c,640.0,1,1900,True,9,2011,"Mar,Jun,Sept,Dec"
219,a,a,1640.0,2,2013,False,1,1900,
220,a,a,1000.0,9,2008,False,1,1900,
221,d,c,13530.0,9,2013,False,1,1900,
222,a,a,2170.0,11,2008,False,1,1900,
223,d,c,2920.0,10,1995,True,27,2011,"Jan,Apr,Jul,Oct"
224,d,c,7930.0,1,1900,True,1,2013,"Jan,Apr,Jul,Oct"
225,d,a,10180.0,5,2015,False,1,1900,
226,a,a,450.0,1,1900,False,1,1900,
227,a,a,2370.0,1,1900,False,1,1900,
228,d,c,10800.0,1,1900,True,18,2011,"Feb,May,Aug,Nov"
229,d,c,17410.0,4,2007,True,14,2011,"Jan,Apr,Jul,Oct"
230,d,c,6680.0,9,2013,False,1,1900,
231,d,c,3840.0,10,2008,True,39,2010,"Feb,May,Aug,Nov"
232,c,c,13570.0,5,2010,True,10,2013,"Mar,Jun,Sept,Dec"
233,a,a,1890.0,1,1900,False,1,1900,
234,d,a,4370.0,1,1900,False,1,1900,
235,a,a,5710.0,3,2012,True,37,2009,"Jan,Apr,Jul,Oct"
236,a,a,1000.0,11,2007,False,1,1900,
237,a,a,1420.0,11,2007,False,1,1900,
238,a,a,320.0,1,1900,True,45,2009,"Feb,May,Aug,Nov"
239,d,c,610.0,1,1900,False,1,1900,
240,a,a,1110.0,5,2009,False,1,1900,
241,d,c,780.0,1,1900,False,1,1900,
242,d,a,6880.0,9,2001,True,14,2011,"Jan,Apr,Jul,Oct"
243,a,a,310.0,1,1900,True,5,2013,"Feb,May,Aug,Nov"
244,d,a,710.0,3,2012,True,1,2012,"Jan,Apr,Jul,Oct"
245,a,c,1310.0,1,1900,False,1,1900,
246,c,a,4660.0,4,2013,False,1,1900,
247,d,c,70.0,11,2010,True,5,2013,"Feb,May,Aug,Nov"
248,a,c,340.0,9,2012,True,40,2012,"Jan,Apr,Jul,Oct"
249,d,c,18010.0,9,2014,False,1,1900,
250,d,a,3520.0,1,1900,True,18,2012,"Feb,May,Aug,Nov"
251,a,c,340.0,1,1900,False,1,1900,
252,d,c,22330.0,1,1900,True,5,2010,"Feb,May,Aug,Nov"
253,a,c,250.0,1,1900,True,5,2013,"Feb,May,Aug,Nov"
254,d,a,330.0,3,2008,True,1,2012,"Mar,Jun,Sept,Dec"
255,c,c,4630.0,3,2011,True,35,2011,"Feb,May,Aug,Nov"
256,a,c,80.0,9,2005,True,10,2014,"Mar,Jun,Sept,Dec"
257,a,a,420.0,12,2012,False,1,1900,
258,a,a,27190.0,7,2010,True,37,2009,"Jan,Apr,Jul,Oct"
259,b,b,210.0,1,1900,False,1,1900,
260,a,a,540.0,10,2011,False,1,1900,
261,d,c,15340.0,4,2015,True,39,2009,"Jan,Apr,Jul,Oct"
262,b,a,1180.0,5,2013,False,1,1900,
263,a,c,1140.0,5,2013,True,40,2014,"Jan,Apr,Jul,Oct"
264,a,a,180.0,3,2014,False,1,1900,
265,a,a,4580.0,1,1900,True,14,2015,"Jan,Apr,Jul,Oct"
266,a,c,360.0,3,2014,True,9,2011,"Mar,Jun,Sept,Dec"
267,c,a,2460.0,1,2012,False,1,1900,
268,a,a,4520.0,2,2014,False,1,1900,
269,a,c,60.0,6,2015,False,1,1900,
270,a,a,1450.0,7,2014,False,1,1900,
271,a,a,420.0,1,1900,True,14,2011,"Jan,Apr,Jul,Oct"
272,a,a,16180.0,7,2003,True,14,2011,"Jan,Apr,Jul,Oct"
273,a,c,8480.0,1,1900,False,1,1900,
274,b,b,3640.0,1,1900,True,10,2013,"Jan,Apr,Jul,Oct"
275,d,a,300.0,5,2014,True,40,2014,"Jan,Apr,Jul,Oct"
276,a,a,2960.0,10,2014,True,36,2013,"Mar,Jun,Sept,Dec"
277,d,c,7840.0,1,1900,True,31,2009,"Feb,May,Aug,Nov"
278,a,c,9260.0,2,2010,False,1,1900,
279,d,c,2320.0,1,1900,True,40,2012,"Jan,Apr,Jul,Oct"
280,d,c,18640.0,9,2013,True,10,2014,"Mar,Jun,Sept,Dec"
281,d,c,6970.0,9,2011,False,1,1900,
282,a,a,1220.0,12,2010,False,1,1900,
283,a,a,2260.0,1,1900,True,40,2014,"Jan,Apr,Jul,Oct"
284,d,a,1290.0,1,1900,True,40,2014,"Jan,Apr,Jul,Oct"
285,a,a,2410.0,1,1900,False,1,1900,
286,a,a,1460.0,4,2015,False,1,1900,
287,c,a,2740.0,5,2009,True,40,2014,"Jan,Apr,Jul,Oct"
288,d,a,800.0,1,1900,True,14,2011,"Mar,Jun,Sept,Dec"
289,d,a,6540.0,12,2007,False,1,1900,
290,a,a,4150.0,5,2001,False,1,1900,
291,d,a,,1,1900,False,1,1900,
292,a,a,1100.0,6,2009,False,1,1900,
293,c,c,140.0,11,2007,False,1,1900,
294,a,a,3150.0,5,2005,False,1,1900,
295,a,a,210.0,11,2000,True,36,2013,"Mar,Jun,Sept,Dec"
296,a,a,9580.0,5,2007,True,45,2014,"Feb,May,Aug,Nov"
297,a,a,2300.0,9,2010,False,1,1900,
298,d,a,19840.0,7,2009,False,1,1900,
299,d,c,38630.0,9,2012,False,1,1900,
300,a,c,120.0,4,2009,True,1,2012,"Jan,Apr,Jul,Oct"
301,a,c,4510.0,3,2015,False,1,1900,
302,d,c,2190.0,12,2007,True,9,2011,"Mar,Jun,Sept,Dec"
303,a,a,15430.0,11,2012,True,18,2011,"Feb,May,Aug,Nov"
304,a,a,1950.0,7,2015,False,1,1900,
305,c,c,2470.0,2,2005,True,31,2013,"Mar,Jun,Sept,Dec"
306,a,a,5100.0,4,2007,True,40,2014,"Jan,Apr,Jul,Oct"
307,a,a,18660.0,9,2002,False,1,1900,
308,a,a,1070.0,12,2006,True,13,2010,"Jan,Apr,Jul,Oct"
309,d,a,8740.0,1,1900,True,37,2009,"Feb,May,Aug,Nov"
310,a,c,2290.0,1,1900,True,10,2014,"Mar,Jun,Sept,Dec"
311,a,c,680.0,7,2005,False,1,1900,
312,d,a,11300.0,3,2012,False,1,1900,
313,d,c,14160.0,1,1900,False,1,1900,
314,a,a,3560.0,10,2001,True,31,2013,"Feb,May,Aug,Nov"
315,a,c,38710.0,4,2013,False,1,1900,
316,d,a,9000.0,8,2001,False,1,1900,
317,d,a,3140.0,7,2013,True,14,2011,"Jan,Apr,Jul,Oct"
318,d,c,32330.0,3,2014,False,1,1900,
319,a,c,570.0,9,2012,True,27,2012,"Mar,Jun,Sept,Dec"
320,a,c,210.0,9,2012,False,1,1900,
321,c,c,8140.0,11,2013,True,10,2014,"Mar,Jun,Sept,Dec"
322,a,a,17500.0,4,2001,True,37,2009,"Jan,Apr,Jul,Oct"
323,d,c,8400.0,4,2012,True,5,2013,"Feb,May,Aug,Nov"
324,a,a,13140.0,1,1900,True,14,2011,"Jan,Apr,Jul,Oct"
325,a,c,350.0,3,2011,True,22,2011,"Feb,May,Aug,Nov"
326,d,a,10070.0,5,2015,True,31,2013,"Feb,May,Aug,Nov"
327,c,c,1390.0,12,2004,False,1,1900,
328,a,a,3130.0,7,2002,False,1,1900,
329,a,a,1310.0,6,1990,True,22,2012,"Mar,Jun,Sept,Dec"
330,a,c,370.0,1,1900,True,22,2012,"Mar,Jun,Sept,Dec"
331,a,c,670.0,1,1900,True,14,2015,"Jan,Apr,Jul,Oct"
332,a,a,1840.0,3,2006,False,1,1900,
333,a,c,3720.0,2,2010,False,1,1900,
334,d,c,4040.0,8,2008,True,18,2013,"Mar,Jun,Sept,Dec"
335,b,a,90.0,1,1900,True,31,2013,"Jan,Apr,Jul,Oct"
336,a,a,190.0,7,2014,False,1,1900,
337,d,c,10600.0,7,2005,True,45,2014,"Feb,May,Aug,Nov"
338,a,c,1590.0,1,1900,True,37,2009,"Jan,Apr,Jul,Oct"
339,a,c,2280.0,1,1900,True,10,2013,"Mar,Jun,Sept,Dec"
340,a,c,8080.0,1,1900,False,1,1900,
341,a,a,190.0,9,2011,False,1,1900,
342,d,c,15770.0,1,1900,True,40,2014,"Jan,Apr,Jul,Oct"
343,d,a,18650.0,4,2004,True,14,2014,"Jan,Apr,Jul,Oct"
344,a,c,300.0,4,2011,True,14,2011,"Jan,Apr,Jul,Oct"
345,a,a,120.0,1,1900,True,22,2012,"Jan,Apr,Jul,Oct"
346,a,c,8090.0,1,1900,False,1,1900,
347,d,c,9360.0,7,2013,True,22,2012,"Mar,Jun,Sept,Dec"
348,a,a,16490.0,1,1900,True,22,2012,"Jan,Apr,Jul,Oct"
349,c,c,1490.0,4,2009,False,1,1900,
350,d,a,8880.0,1,1900,True,14,2011,"Jan,Apr,Jul,Oct"
351,a,a,5290.0,11,2012,True,5,2013,"Feb,May,Aug,Nov"
352,d,c,6360.0,1,1900,True,40,2012,"Mar,Jun,Sept,Dec"
353,b,b,900.0,1,1900,True,14,2013,"Feb,May,Aug,Nov"
354,d,c,1500.0,10,2005,False,1,1900,
355,a,c,9720.0,8,2013,False,1,1900,
356,d,c,8970.0,12,2007,True,22,2012,"Feb,May,Aug,Nov"
357,a,a,2060.0,10,2008,False,1,1900,
358,a,a,2890.0,10,2003,False,1,1900,
359,d,c,4370.0,1,1900,False,1,1900,
360,a,a,2040.0,6,2007,False,1,1900,
361,c,c,4490.0,5,2014,True,5,2013,"Feb,May,Aug,Nov"
362,c,c,340.0,1,1900,False,1,1900,
363,a,a,250.0,9,2009,False,1,1900,
364,a,c,13620.0,1,1900,True,10,2014,"Mar,Jun,Sept,Dec"
365,c,a,2410.0,1,1900,True,45,2009,"Feb,May,Aug,Nov"
366,d,c,6470.0,12,2004,False,1,1900,
367,d,c,2640.0,9,2012,False,1,1900,
368,d,c,1450.0,4,2005,True,45,2009,"Feb,May,Aug,Nov"
369,d,c,5870.0,4,2014,False,1,1900,
370,d,a,8250.0,10,2000,True,31,2009,"Jan,Apr,Jul,Oct"
371,d,c,1970.0,7,2009,True,45,2014,"Feb,May,Aug,Nov"
372,d,c,4880.0,8,2010,True,18,2014,"Jan,Apr,Jul,Oct"
373,d,c,11120.0,1,1900,True,22,2012,"Jan,Apr,Jul,Oct"
374,a,a,1150.0,9,2007,False,1,1900,
375,a,c,15710.0,2,2013,True,37,2009,"Jan,Apr,Jul,Oct"
376,a,a,160.0,8,2012,False,1,1900,
377,a,c,100.0,6,2010,True,18,2010,"Feb,May,Aug,Nov"
378,a,c,2140.0,8,2012,False,1,1900,
379,d,a,6630.0,1,1900,False,1,1900,
380,a,a,2240.0,5,2013,True,10,2014,"Mar,Jun,Sept,Dec"
381,a,a,1800.0,11,2006,True,5,2013,"Feb,May,Aug,Nov"
382,c,c,26130.0,11,2002,False,1,1900,
383,a,c,350.0,1,1900,False,1,1900,
384,a,c,130.0,1,1900,True,14,2011,"Jan,Apr,Jul,Oct"
385,d,a,4580.0,9,2007,False,1,1900,
386,d,c,1460.0,4,2014,True,31,2013,"Jan,Apr,Jul,Oct"
387,c,a,210.0,1,1900,True,36,2013,"Mar,Jun,Sept,Dec"
388,a,a,2260.0,1,1900,False,1,1900,
389,a,c,6690.0,8,2011,False,1,1900,
390,a,c,1600.0,4,2009,False,1,1900,
391,a,a,460.0,11,2014,True,31,2013,"Feb,May,Aug,Nov"
392,a,a,2120.0,1,1900,False,1,1900,
393,d,c,4820.0,3,2008,False,1,1900,
394,d,a,10850.0,1,1900,False,1,1900,
395,a,a,3620.0,2,2013,False,1,1900,
396,a,c,23130.0,1,1900,False,1,1900,
397,a,c,130.0,1,1900,True,27,2013,"Feb,May,Aug,Nov"
398,c,c,1540.0,1,1900,True,1,2012,"Jan,Apr,Jul,Oct"
399,a,a,5360.0,9,2012,True,40,2011,"Jan,Apr,Jul,Oct"
400,a,a,70.0,11,2004,True,14,2011,"Jan,Apr,Jul,Oct"
401,a,c,9200.0,10,2009,True,14,2012,"Jan,Apr,Jul,Oct"
402,c,c,5830.0,9,2011,True,13,2010,"Jan,Apr,Jul,Oct"
403,a,a,4970.0,7,2015,False,1,1900,
404,a,c,1420.0,1,1900,True,10,2013,"Mar,Jun,Sept,Dec"
405,a,a,1080.0,4,2008,True,14,2011,"Jan,Apr,Jul,Oct"
406,d,c,8240.0,3,2001,True,10,2013,"Feb,May,Aug,Nov"
407,a,a,5890.0,10,2003,True,14,2011,"Feb,May,Aug,Nov"
408,c,a,1560.0,1,1900,True,45,2009,"Feb,May,Aug,Nov"
409,d,c,840.0,1,1900,True,1,2013,"Jan,Apr,Jul,Oct"
410,c,a,40.0,11,2011,True,22,2012,"Mar,Jun,Sept,Dec"
411,d,c,8460.0,1,1900,False,1,1900,
412,d,c,4460.0,1,1900,True,39,2010,"Jan,Apr,Jul,Oct"
413,a,c,760.0,9,2014,False,1,1900,
414,d,c,6210.0,1,1900,True,1,2013,"Jan,Apr,Jul,Oct"
415,d,c,6910.0,4,2005,False,1,1900,
416,a,c,4650.0,6,2014,False,1,1900,
417,a,c,840.0,1,1900,True,10,2014,"Jan,Apr,Jul,Oct"
418,a,a,1060.0,5,2009,True,27,2011,"Feb,May,Aug,Nov"
419,c,a,1620.0,9,2009,False,1,1900,
420,d,c,250.0,1,1900,True,27,2012,"Jan,Apr,Jul,Oct"
421,c,c,3530.0,6,2012,True,35,2012,"Mar,Jun,Sept,Dec"
422,a,c,2880.0,1,1900,False,1,1900,
423,b,a,1270.0,5,2014,False,1,1900,
424,d,c,1250.0,1,1900,True,40,2011,"Jan,Apr,Jul,Oct"
425,d,c,1460.0,1,1900,False,1,1900,
426,a,a,250.0,1,1900,False,1,1900,
427,a,c,70.0,7,2005,True,13,2010,"Jan,Apr,Jul,Oct"
428,d,a,2960.0,12,2014,True,23,2015,"Mar,Jun,Sept,Dec"
429,d,c,16350.0,7,2005,True,31,2013,"Jan,Apr,Jul,Oct"
430,d,c,12870.0,10,2008,False,1,1900,
431,d,c,4520.0,1,1900,False,1,1900,
432,a,a,810.0,5,2013,False,1,1900,
433,a,c,30030.0,11,2010,False,1,1900,
434,a,a,13020.0,8,2003,True,40,2014,"Jan,Apr,Jul,Oct"
435,a,a,910.0,1,1900,False,1,1900,
436,d,a,2300.0,1,1900,False,1,1900,
437,c,c,430.0,1,1900,True,50,2010,"Jan,Apr,Jul,Oct"
438,d,c,1110.0,1,1900,True,40,2012,"Jan,Apr,Jul,Oct"
439,a,a,1350.0,9,2009,False,1,1900,
440,d,a,3900.0,4,2005,True,45,2009,"Feb,May,Aug,Nov"
441,d,a,2530.0,1,1900,False,1,1900,
442,c,a,500.0,1,1900,True,45,2009,"Feb,May,Aug,Nov"
443,d,a,11400.0,12,2005,False,1,1900,
444,c,a,1700.0,11,2009,False,1,1900,
445,a,a,240.0,1,1900,False,1,1900,
446,a,a,340.0,10,2000,True,31,2013,"Feb,May,Aug,Nov"
447,a,c,1510.0,9,2013,False,1,1900,
448,a,c,3970.0,9,2009,False,1,1900,
449,a,c,120.0,12,2014,True,37,2009,"Jan,Apr,Jul,Oct"
450,c,a,5780.0,11,1994,True,10,2014,"Mar,Jun,Sept,Dec"
451,a,a,2460.0,4,2009,True,13,2010,"Jan,Apr,Jul,Oct"
452,a,c,1850.0,8,2013,True,5,2011,"Feb,May,Aug,Nov"
453,a,c,75860.0,1,1900,False,1,1900,
454,a,a,26450.0,1,1900,False,1,1900,
455,d,c,7660.0,9,2010,False,1,1900,
456,a,c,140.0,1,1900,False,1,1900,
457,d,c,13140.0,1,1900,True,31,2013,"Jan,Apr,Jul,Oct"
458,c,a,3390.0,1,1900,False,1,1900,
459,a,a,250.0,9,2008,True,5,2013,"Feb,May,Aug,Nov"
460,a,a,34050.0,4,2008,False,1,1900,
461,d,c,1790.0,7,2013,True,40,2013,"Jan,Apr,Jul,Oct"
462,a,a,44320.0,8,2008,False,1,1900,
463,a,a,4160.0,1,1900,False,1,1900,
464,c,a,520.0,3,2009,False,1,1900,
465,d,c,10890.0,4,2005,False,1,1900,
466,a,c,3110.0,3,2003,False,1,1900,
467,a,c,20390.0,4,2008,False,1,1900,
468,c,c,5260.0,9,2012,False,1,1900,
469,c,c,710.0,9,2005,False,1,1900,
470,a,c,50.0,1,1900,False,1,1900,
471,d,a,5300.0,1,1900,True,45,2009,"Feb,May,Aug,Nov"
472,c,c,5030.0,8,2011,False,1,1900,
473,a,a,50.0,1,1900,False,1,1900,
474,c,a,14810.0,1,1900,True,14,2011,"Mar,Jun,Sept,Dec"
475,a,a,140.0,9,2005,False,1,1900,
476,d,a,8300.0,9,2006,False,1,1900,
477,d,a,770.0,7,2010,True,35,2010,"Jan,Apr,Jul,Oct"
478,d,c,1940.0,3,2012,False,1,1900,
479,a,a,320.0,12,2005,True,9,2011,"Feb,May,Aug,Nov"
480,a,a,300.0,11,2012,False,1,1900,
481,c,c,7470.0,1,1900,True,44,2012,"Feb,May,Aug,Nov"
482,c,a,2550.0,10,2005,False,1,1900,
483,a,c,2310.0,9,2011,True,13,2010,"Jan,Apr,Jul,Oct"
484,a,c,14300.0,3,2011,False,1,1900,
485,d,c,3270.0,1,1900,True,22,2012,"Jan,Apr,Jul,Oct"
486,a,a,2320.0,1,1900,True,31,2013,"Jan,Apr,Jul,Oct"
487,d,c,2180.0,9,2012,True,40,2012,"Jan,Apr,Jul,Oct"
488,a,c,2890.0,4,2014,False,1,1900,
489,a,a,14960.0,11,2013,True,37,2009,"Jan,Apr,Jul,Oct"
490,a,a,660.0,4,2013,True,40,2014,"Jan,Apr,Jul,Oct"
491,d,c,4680.0,1,1900,True,22,2012,"Mar,Jun,Sept,Dec"
492,a,a,1740.0,3,2008,True,40,2012,"Jan,Apr,Jul,Oct"
493,d,c,1150.0,1,1900,True,14,2011,"Jan,Apr,Jul,Oct"
494,b,a,1260.0,6,2011,False,1,1900,
495,d,a,5470.0,1,1900,True,37,2009,"Jan,Apr,Jul,Oct"
496,d,c,2780.0,6,2015,False,1,1900,
497,a,c,1610.0,1,1900,False,1,1900,
498,a,a,990.0,1,1900,True,40,2014,"Jan,Apr,Jul,Oct"
499,c,c,450.0,1,1900,True,5,2013,"Feb,May,Aug,Nov"
500,d,c,10690.0,9,2007,True,5,2013,"Jan,Apr,Jul,Oct"
501,a,c,1620.0,9,2006,False,1,1900,
502,a,a,220.0,2,2002,True,37,2009,"Jan,Apr,Jul,Oct"
503,d,c,13080.0,9,2006,True,14,2011,"Jan,Apr,Jul,Oct"
504,c,c,820.0,1,1900,False,1,1900,
505,a,a,350.0,1,1900,True,5,2013,"Feb,May,Aug,Nov"
506,a,a,1850.0,12,2014,True,18,2011,"Feb,May,Aug,Nov"
507,a,c,9070.0,4,2011,True,37,2009,"Jan,Apr,Jul,Oct"
508,a,c,1280.0,1,1900,True,40,2011,"Jan,Apr,Jul,Oct"
509,a,a,4740.0,7,2008,True,37,2009,"Jan,Apr,Jul,Oct"
510,a,c,8260.0,1,1900,False,1,1900,
511,a,a,2060.0,9,2009,False,1,1900,
512,b,b,590.0,1,1900,True,5,2013,"Mar,Jun,Sept,Dec"
513,a,a,400.0,8,2013,False,1,1900,
514,c,c,1200.0,7,2012,True,27,2012,"Jan,Apr,Jul,Oct"
515,d,c,11260.0,1,1900,True,9,2011,"Feb,May,Aug,Nov"
516,a,c,20.0,1,1900,True,35,2010,"Mar,Jun,Sept,Dec"
517,a,c,22490.0,1,1900,False,1,1900,
518,d,c,3330.0,3,2015,True,13,2010,"Jan,Apr,Jul,Oct"
519,c,c,2510.0,8,2009,True,1,2012,"Jan,Apr,Jul,Oct"
520,a,c,6900.0,1,1900,True,40,2012,"Mar,Jun,Sept,Dec"
521,d,a,18610.0,11,2002,True,48,2011,"Mar,Jun,Sept,Dec"
522,d,c,7160.0,11,2012,True,9,2011,"Jan,Apr,Jul,Oct"
523,c,c,50.0,11,2013,False,1,1900,
524,a,c,40860.0,9,2013,False,1,1900,
525,d,c,1870.0,9,2013,False,1,1900,
526,a,a,120.0,1,1900,True,48,2011,"Mar,Jun,Sept,Dec"
527,d,c,5830.0,4,2008,False,1,1900,
528,a,c,20620.0,1,1900,True,37,2009,"Jan,Apr,Jul,Oct"
529,d,c,12920.0,9,2012,False,1,1900,
530,a,c,18160.0,1,1900,False,1,1900,
531,a,c,4030.0,1,1900,False,1,1900,
532,a,c,1070.0,8,2010,False,1,1900,
533,a,c,5950.0,1,1900,False,1,1900,
534,d,a,1200.0,9,2009,True,45,2009,"Jan,Apr,Jul,Oct"
535,a,a,3570.0,4,2007,False,1,1900,
536,a,c,4700.0,9,2002,True,31,2013,"Feb,May,Aug,Nov"
537,a,a,600.0,5,2002,True,1,2012,"Jan,Apr,Jul,Oct"
538,a,a,990.0,2,2010,False,1,1900,
539,a,a,770.0,5,2013,True,40,2014,"Jan,Apr,Jul,Oct"
540,d,c,810.0,1,1900,True,48,2012,"Jan,Apr,Jul,Oct"
541,a,c,650.0,7,1990,False,1,1900,
542,a,a,7280.0,9,2012,True,1,2013,"Jan,Apr,Jul,Oct"
543,c,a,1080.0,12,2012,False,1,1900,
544,a,a,250.0,12,2001,True,13,2010,"Jan,Apr,Jul,Oct"
545,a,c,5020.0,5,2006,True,18,2014,"Feb,May,Aug,Nov"
546,a,a,580.0,1,2005,False,1,1900,
547,d,c,8990.0,11,2009,True,35,2010,"Mar,Jun,Sept,Dec"
548,d,c,3760.0,2,2009,False,1,1900,
549,a,c,2330.0,1,1900,False,1,1900,
550,d,c,50.0,6,2015,False,1,1900,
551,a,c,2190.0,9,2013,False,1,1900,
552,a,a,4260.0,7,2008,True,37,2009,"Jan,Apr,Jul,Oct"
553,c,a,3040.0,9,2002,True,13,2010,"Jan,Apr,Jul,Oct"
554,c,c,1200.0,1,1900,False,1,1900,
555,d,a,1560.0,1,2014,True,10,2013,"Mar,Jun,Sept,Dec"
556,d,c,1140.0,11,2014,False,1,1900,
557,a,a,250.0,1,1900,False,1,1900,
558,a,a,3000.0,2,2010,False,1,1900,
559,d,a,3910.0,11,2006,True,5,2013,"Feb,May,Aug,Nov"
560,c,c,1910.0,7,2013,False,1,1900,
561,d,a,14300.0,1,1900,False,1,1900,
562,b,c,1210.0,1,1900,False,1,1900,
563,a,a,700.0,3,2015,True,10,2014,"Jan,Apr,Jul,Oct"
564,d,c,6540.0,1,1900,True,14,2013,"Jan,Apr,Jul,Oct"
565,a,c,160.0,7,2007,False,1,1900,
566,a,a,3620.0,1,1900,True,40,2013,"Jan,Apr,Jul,Oct"
567,c,a,1010.0,9,2012,True,18,2011,"Feb,May,Aug,Nov"
568,d,c,4270.0,1,1900,True,1,2013,"Jan,Apr,Jul,Oct"
569,a,a,1340.0,9,2006,False,1,1900,
570,a,a,180.0,11,2006,False,1,1900,
571,d,a,2110.0,11,1995,True,40,2014,"Jan,Apr,Jul,Oct"
572,d,c,9230.0,4,2004,True,37,2009,"Jan,Apr,Jul,Oct"
573,a,a,1190.0,11,2012,True,36,2013,"Jan,Apr,Jul,Oct"
574,d,a,4400.0,1,1900,False,1,1900,
575,a,a,960.0,5,2008,True,13,2010,"Jan,Apr,Jul,Oct"
576,c,a,50.0,11,2006,False,1,1900,
577,a,c,2270.0,1,1900,True,35,2012,"Mar,Jun,Sept,Dec"
578,d,a,12700.0,4,2013,False,1,1900,
579,c,a,20970.0,11,2012,False,1,1900,
580,a,c,170.0,2,2009,False,1,1900,
581,a,a,7250.0,12,2013,False,1,1900,
582,a,a,120.0,1,1900,False,1,1900,
583,a,a,2640.0,11,2002,False,1,1900,
584,d,a,1360.0,1,1900,True,35,2010,"Mar,Jun,Sept,Dec"
585,d,c,440.0,4,2014,False,1,1900,
586,a,c,250.0,10,2008,False,1,1900,
587,d,c,330.0,9,2006,True,14,2011,"Jan,Apr,Jul,Oct"
588,d,c,15720.0,3,2010,False,1,1900,
589,a,c,360.0,1,1900,True,18,2013,"Feb,May,Aug,Nov"
590,d,c,4520.0,9,2010,True,31,2013,"Jan,Apr,Jul,Oct"
591,a,c,3340.0,1,1900,True,22,2012,"Mar,Jun,Sept,Dec"
592,a,a,2540.0,6,2005,False,1,1900,
593,a,c,33060.0,3,2010,False,1,1900,
594,a,a,1790.0,10,2011,False,1,1900,
595,c,c,1130.0,6,2015,False,1,1900,
596,c,a,290.0,9,2006,False,1,1900,
597,a,a,150.0,9,2008,True,1,2012,"Mar,Jun,Sept,Dec"
598,c,a,550.0,12,2013,True,40,2014,"Jan,Apr,Jul,Oct"
599,d,c,580.0,11,2014,False,1,1900,
600,d,c,17340.0,6,2010,True,9,2011,"Feb,May,Aug,Nov"
601,d,a,8220.0,4,2014,True,14,2011,"Jan,Apr,Jul,Oct"
602,a,a,2710.0,7,2001,True,22,2012,"Mar,Jun,Sept,Dec"
603,a,a,340.0,4,2007,True,13,2010,"Jan,Apr,Jul,Oct"
604,d,a,10950.0,3,2014,False,1,1900,
605,d,a,10310.0,4,2003,True,37,2009,"Jan,Apr,Jul,Oct"
606,a,a,2260.0,11,2007,False,1,1900,
607,a,a,350.0,8,1999,True,14,2011,"Jan,Apr,Jul,Oct"
608,a,c,18370.0,2,2013,True,14,2011,"Jan,Apr,Jul,Oct"
609,a,a,2070.0,9,2007,False,1,1900,
610,a,a,660.0,1,2007,False,1,1900,
611,a,a,8080.0,12,2002,True,40,2014,"Jan,Apr,Jul,Oct"
612,d,c,2490.0,11,2012,True,31,2009,"Jan,Apr,Jul,Oct"
613,c,a,250.0,6,2007,True,14,2011,"Jan,Apr,Jul,Oct"
614,a,a,1160.0,12,2012,False,1,1900,
615,d,a,730.0,8,2007,False,1,1900,
616,a,c,3040.0,8,2011,True,35,2010,"Mar,Jun,Sept,Dec"
617,a,c,8940.0,1,1900,True,9,2011,"Jan,Apr,Jul,Oct"
618,d,c,9910.0,1,1900,False,1,1900,
619,a,a,1600.0,6,2006,True,45,2009,"Feb,May,Aug,Nov"
620,d,c,5440.0,1,1900,True,40,2014,"Jan,Apr,Jul,Oct"
621,a,a,30.0,7,2002,False,1,1900,
622,a,c,,1,1900,False,1,1900,
623,a,a,4080.0,3,2011,True,13,2010,"Jan,Apr,Jul,Oct"
624,a,c,6920.0,9,2011,False,1,1900,
625,a,a,1170.0,4,2011,True,22,2012,"Feb,May,Aug,Nov"
626,c,c,10740.0,11,2013,False,1,1900,
627,c,c,3970.0,3,2010,False,1,1900,
628,a,c,2180.0,1,1900,False,1,1900,
629,d,a,510.0,7,2014,True,23,2015,"Mar,Jun,Sept,Dec"
630,a,a,1690.0,4,2015,False,1,1900,
631,d,c,2870.0,1,1900,True,35,2012,"Mar,Jun,Sept,Dec"
632,a,a,3350.0,2,2010,False,1,1900,
633,d,a,11640.0,4,2005,True,22,2011,"Jan,Apr,Jul,Oct"
634,d,a,18610.0,1,1900,False,1,1900,
635,a,a,27530.0,4,2014,False,1,1900,
636,c,a,720.0,10,2004,True,13,2010,"Jan,Apr,Jul,Oct"
637,d,c,9790.0,1,1900,True,31,2009,"Feb,May,Aug,Nov"
638,d,a,10170.0,11,2001,False,1,1900,
639,a,a,7780.0,11,2006,False,1,1900,
640,d,c,8040.0,1,1900,False,1,1900,
641,a,c,610.0,12,2003,True,36,2013,"Mar,Jun,Sept,Dec"
642,c,c,530.0,4,2005,True,35,2010,"Mar,Jun,Sept,Dec"
643,a,a,230.0,6,2010,True,18,2010,"Feb,May,Aug,Nov"
644,c,a,4030.0,12,2004,True,14,2011,"Jan,Apr,Jul,Oct"
645,a,a,90.0,1,1900,True,45,2009,"Feb,May,Aug,Nov"
646,a,a,620.0,9,2014,False,1,1900,
647,a,c,7420.0,4,2013,False,1,1900,
648,d,a,2130.0,12,2008,False,1,1900,
649,a,a,14570.0,11,2002,False,1,1900,
650,a,a,1420.0,10,2012,True,40,2014,"Jan,Apr,Jul,Oct"
651,a,a,200.0,1,1900,False,1,1900,
652,a,a,20390.0,1,1900,False,1,1900,
653,d,c,7520.0,7,2014,True,45,2009,"Feb,May,Aug,Nov"
654,c,a,6930.0,9,2006,False,1,1900,
655,d,c,960.0,11,2012,True,5,2013,"Feb,May,Aug,Nov"
656,d,a,410.0,4,2009,True,13,2010,"Jan,Apr,Jul,Oct"
657,c,c,80.0,1,2006,True,10,2014,"Jan,Apr,Jul,Oct"
658,d,c,520.0,1,1900,True,37,2009,"Jan,Apr,Jul,Oct"
659,d,a,1590.0,3,2012,False,1,1900,
660,a,a,1200.0,11,2006,True,40,2014,"Jan,Apr,Jul,Oct"
661,d,c,2140.0,7,2013,False,1,1900,
662,d,a,1070.0,1,1900,False,1,1900,
663,a,c,7860.0,5,2005,False,1,1900,
664,d,c,1680.0,10,2005,False,1,1900,
665,a,a,90.0,12,2012,True,14,2011,"Jan,Apr,Jul,Oct"
666,c,c,2700.0,1,1900,True,9,2011,"Mar,Jun,Sept,Dec"
667,d,c,2870.0,9,2012,False,1,1900,
668,c,a,1270.0,9,2010,False,1,1900,
669,d,a,17080.0,7,2012,True,31,2013,"Jan,Apr,Jul,Oct"
670,a,a,2060.0,1,1900,True,45,2009,"Feb,May,Aug,Nov"
671,a,c,2070.0,2,2008,True,39,2010,"Jan,Apr,Jul,Oct"
672,c,a,240.0,9,2002,False,1,1900,
673,d,c,15170.0,1,1900,True,5,2013,"Feb,May,Aug,Nov"
674,a,a,2640.0,12,2005,True,31,2013,"Feb,May,Aug,Nov"
675,a,a,2100.0,8,2013,True,14,2011,"Jan,Apr,Jul,Oct"
676,b,b,1410.0,9,2008,False,1,1900,
677,d,a,1740.0,6,2014,True,45,2009,"Feb,May,Aug,Nov"
678,c,a,3250.0,1,1900,True,40,2011,"Jan,Apr,Jul,Oct"
679,a,a,4140.0,9,2012,False,1,1900,
680,c,a,170.0,1,1900,True,35,2012,"Mar,Jun,Sept,Dec"
681,a,c,620.0,1,1900,True,1,2014,"Mar,Jun,Sept,Dec"
682,b,a,150.0,9,2006,False,1,1900,
683,a,a,2850.0,7,2014,False,1,1900,
684,d,c,680.0,1,1900,True,22,2012,"Jan,Apr,Jul,Oct"
685,a,a,650.0,11,2013,True,37,2009,"Jan,Apr,Jul,Oct"
686,a,a,20050.0,4,2002,False,1,1900,
687,d,c,2770.0,1,1900,False,1,1900,
688,a,a,18760.0,8,2015,True,14,2011,"Jan,Apr,Jul,Oct"
689,d,a,15040.0,10,2004,False,1,1900,
690,a,a,100.0,1,1900,False,1,1900,
691,d,c,3030.0,1,1900,True,37,2009,"Jan,Apr,Jul,Oct"
692,a,a,40.0,8,2001,False,1,1900,
693,d,a,450.0,1,1900,True,40,2011,"Jan,Apr,Jul,Oct"
694,a,c,460.0,11,2012,True,40,2014,"Jan,Apr,Jul,Oct"
695,a,a,550.0,7,2011,True,1,2012,"Jan,Apr,Jul,Oct"
696,a,c,430.0,1,1900,False,1,1900,
697,d,a,3780.0,1,1900,True,40,2011,"Jan,Apr,Jul,Oct"
698,a,a,1790.0,5,2011,False,1,1900,
699,a,a,180.0,1,1900,True,5,2013,"Jan,Apr,Jul,Oct"
700,a,c,830.0,1,1900,True,27,2013,"Jan,Apr,Jul,Oct"
701,d,a,1450.0,3,2012,True,14,2011,"Jan,Apr,Jul,Oct"
702,a,a,8550.0,9,2001,True,45,2009,"Feb,May,Aug,Nov"
703,a,a,80.0,6,2005,False,1,1900,
704,d,c,1910.0,4,2009,False,1,1900,
705,a,a,4140.0,9,2012,True,18,2011,"Feb,May,Aug,Nov"
706,d,a,7830.0,9,2014,True,10,2014,"Mar,Jun,Sept,Dec"
707,a,c,2900.0,7,1990,False,1,1900,
708,c,c,11470.0,10,2009,True,18,2014,"Jan,Apr,Jul,Oct"
709,a,a,500.0,12,2010,False,1,1900,
710,d,a,1500.0,9,2008,True,14,2011,"Jan,Apr,Jul,Oct"
711,d,a,17110.0,3,2007,True,5,2010,"Jan,Apr,Jul,Oct"
712,a,a,4870.0,9,2007,True,45,2009,"Jan,Apr,Jul,Oct"
713,a,c,220.0,1,1900,True,10,2014,"Jan,Apr,Jul,Oct"
714,d,c,12070.0,10,2005,True,10,2013,"Jan,Apr,Jul,Oct"
715,a,a,14810.0,6,2014,False,1,1900,
716,d,a,3200.0,1,2008,True,22,2011,"Jan,Apr,Jul,Oct"
717,d,c,310.0,1,1900,True,40,2011,"Jan,Apr,Jul,Oct"
718,a,a,1100.0,6,2015,False,1,1900,
719,c,c,8190.0,1,1900,True,45,2009,"Feb,May,Aug,Nov"
720,a,c,15320.0,3,2011,True,14,2013,"Feb,May,Aug,Nov"
721,a,c,3590.0,9,2012,True,22,2012,"Mar,Jun,Sept,Dec"
722,a,a,50.0,1,1900,False,1,1900,
723,d,c,5650.0,9,2008,True,5,2013,"Feb,May,Aug,Nov"
724,d,c,5900.0,1,1900,False,1,1900,
725,d,c,17540.0,6,2012,False,1,1900,
726,a,c,40540.0,2,2002,False,1,1900,
727,a,a,2050.0,3,2007,False,1,1900,
728,d,a,13990.0,1,1900,True,14,2011,"Jan,Apr,Jul,Oct"
729,c,c,8980.0,6,2011,False,1,1900,
730,c,a,1190.0,9,2013,False,1,1900,
731,a,a,15270.0,1,1900,True,10,2014,"Jan,Apr,Jul,Oct"
732,a,c,35280.0,1,1900,False,1,1900,
733,b,b,860.0,10,1999,False,1,1900,
734,a,a,220.0,1,1900,True,36,2013,"Mar,Jun,Sept,Dec"
735,d,c,1920.0,4,2005,False,1,1900,
736,c,c,1650.0,1,1900,True,14,2011,"Jan,Apr,Jul,Oct"
737,a,a,100.0,5,2007,True,31,2013,"Jan,Apr,Jul,Oct"
738,d,c,5980.0,10,2005,False,1,1900,
739,d,c,2770.0,6,2008,True,22,2011,"Jan,Apr,Jul,Oct"
740,d,a,6400.0,3,2014,False,1,1900,
741,d,c,11900.0,1,1900,False,1,1900,
742,d,c,4380.0,1,1900,False,1,1900,
743,a,a,6710.0,11,2003,True,14,2012,"Jan,Apr,Jul,Oct"
744,a,a,1370.0,12,2011,True,40,2014,"Jan,Apr,Jul,Oct"
745,a,a,17650.0,11,2013,True,37,2009,"Jan,Apr,Jul,Oct"
746,d,c,4330.0,2,2011,True,35,2011,"Mar,Jun,Sept,Dec"
747,c,c,45740.0,8,2008,False,1,1900,
748,d,a,2380.0,3,2010,True,14,2011,"Jan,Apr,Jul,Oct"
749,a,a,3410.0,8,2011,True,14,2015,"Jan,Apr,Jul,Oct"
750,d,a,8670.0,2,2002,True,14,2011,"Jan,Apr,Jul,Oct"
751,a,a,650.0,10,2006,False,1,1900,
752,a,a,970.0,3,2013,True,31,2013,"Feb,May,Aug,Nov"
753,d,c,540.0,11,2012,True,35,2010,"Mar,Jun,Sept,Dec"
754,c,c,380.0,5,2008,True,10,2014,"Mar,Jun,Sept,Dec"
755,d,c,13130.0,12,2003,False,1,1900,
756,a,c,50.0,1,1900,True,40,2011,"Jan,Apr,Jul,Oct"
757,a,c,3450.0,1,1900,False,1,1900,
758,a,c,19780.0,6,2008,False,1,1900,
759,a,a,110.0,11,2012,True,31,2013,"Feb,May,Aug,Nov"
760,a,a,560.0,1,2011,False,1,1900,
761,a,a,2390.0,9,2012,False,1,1900,
762,d,c,1280.0,1,1900,True,10,2013,"Mar,Jun,Sept,Dec"
763,d,c,32240.0,3,2010,False,1,1900,
764,a,c,26490.0,1,1900,True,10,2014,"Mar,Jun,Sept,Dec"
765,a,c,25430.0,5,1999,True,37,2009,"Jan,Apr,Jul,Oct"
766,d,c,9820.0,1,1900,False,1,1900,
767,a,c,13080.0,1,1900,False,1,1900,
768,a,c,2630.0,9,2012,False,1,1900,
769,b,b,840.0,1,1900,True,48,2012,"Jan,Apr,Jul,Oct"
770,a,c,100.0,4,2015,False,1,1900,
771,a,a,20640.0,9,2007,False,1,1900,
772,d,c,1850.0,1,1900,False,1,1900,
773,a,a,200.0,1,1900,False,1,1900,
774,a,c,640.0,9,2013,False,1,1900,
775,d,c,6970.0,12,2005,True,22,2011,"Jan,Apr,Jul,Oct"
776,c,a,700.0,4,2009,True,14,2011,"Jan,Apr,Jul,Oct"
777,d,c,8250.0,10,2004,True,10,2013,"Mar,Jun,Sept,Dec"
778,a,a,340.0,6,2003,True,40,2014,"Jan,Apr,Jul,Oct"
779,a,a,16990.0,4,2004,False,1,1900,
780,a,a,18160.0,1,1900,False,1,1900,
781,a,a,630.0,4,2007,False,1,1900,
782,c,c,5390.0,8,2003,True,1,2012,"Jan,Apr,Jul,Oct"
783,d,c,15490.0,1,1900,False,1,1900,
784,a,a,560.0,10,2014,True,10,2014,"Jan,Apr,Jul,Oct"
785,d,c,970.0,7,2005,True,31,2013,"Feb,May,Aug,Nov"
786,a,a,290.0,11,2006,True,5,2013,"Feb,May,Aug,Nov"
787,c,c,3210.0,6,2009,False,1,1900,
788,a,c,1530.0,3,2013,False,1,1900,
789,a,c,9770.0,7,2003,False,1,1900,
790,d,c,9070.0,12,2003,False,1,1900,
791,a,a,5950.0,4,2007,False,1,1900,
792,d,a,17280.0,10,2009,True,18,2011,"Feb,May,Aug,Nov"
793,d,a,2710.0,7,2006,False,1,1900,
794,c,c,5090.0,9,2006,False,1,1900,
795,d,a,510.0,1,1900,True,35,2010,"Mar,Jun,Sept,Dec"
796,a,c,7180.0,11,2012,False,1,1900,
797,a,a,2090.0,10,2012,True,40,2014,"Jan,Apr,Jul,Oct"
798,a,a,9560.0,4,2001,False,1,1900,
799,a,c,2700.0,1,1900,False,1,1900,
800,d,a,2020.0,7,2014,False,1,1900,
801,d,a,48330.0,4,2013,False,1,1900,
802,a,c,910.0,1,1900,True,22,2011,"Feb,May,Aug,Nov"
803,d,a,1760.0,1,1900,True,10,2014,"Mar,Jun,Sept,Dec"
804,c,c,2100.0,1,1900,True,1,2013,"Jan,Apr,Jul,Oct"
805,d,a,24770.0,10,2011,True,10,2014,"Mar,Jun,Sept,Dec"
806,d,a,260.0,1,1900,True,44,2010,"Feb,May,Aug,Nov"
807,a,a,3870.0,4,2008,False,1,1900,
808,a,a,18620.0,1,1900,True,31,2009,"Feb,May,Aug,Nov"
809,a,a,12770.0,10,2000,False,1,1900,
810,d,c,9640.0,11,2013,False,1,1900,
811,a,a,410.0,9,2012,False,1,1900,
812,d,a,2590.0,9,2012,False,1,1900,
813,a,a,1560.0,9,2003,False,1,1900,
814,d,c,24530.0,7,2013,False,1,1900,
815,a,a,590.0,1,1900,True,40,2014,"Jan,Apr,Jul,Oct"
816,c,c,460.0,1,1900,False,1,1900,
817,a,a,140.0,3,2006,False,1,1900,
818,d,a,490.0,1,1900,True,35,2010,"Mar,Jun,Sept,Dec"
819,a,c,720.0,10,2014,False,1,1900,
820,a,c,1650.0,1,1900,True,40,2014,"Jan,Apr,Jul,Oct"
821,a,a,1700.0,9,2009,False,1,1900,
822,a,c,410.0,11,2010,True,48,2010,"Mar,Jun,Sept,Dec"
823,a,c,16210.0,11,2010,False,1,1900,
824,a,a,17570.0,1,1900,False,1,1900,
825,a,a,380.0,5,2011,True,40,2014,"Jan,Apr,Jul,Oct"
826,a,c,7980.0,6,2005,False,1,1900,
827,a,c,250.0,1,2005,False,1,1900,
828,d,c,3290.0,12,2014,False,1,1900,
829,c,a,110.0,1,1900,False,1,1900,
830,a,c,6320.0,1,1900,True,5,2011,"Jan,Apr,Jul,Oct"
831,a,a,800.0,6,2007,False,1,1900,
832,d,a,5070.0,1,1900,True,45,2009,"Feb,May,Aug,Nov"
833,d,c,3290.0,12,1999,True,35,2010,"Mar,Jun,Sept,Dec"
834,a,a,3470.0,3,2012,False,1,1900,
835,a,a,2890.0,12,2007,True,10,2014,"Mar,Jun,Sept,Dec"
836,a,a,2720.0,9,2012,False,1,1900,
837,a,c,14600.0,4,2015,False,1,1900,
838,d,c,6890.0,1,1900,True,48,2011,"Mar,Jun,Sept,Dec"
839,c,a,240.0,1,2015,False,1,1900,
840,a,a,1070.0,9,2009,False,1,1900,
841,a,a,27650.0,8,2004,False,1,1900,
842,d,c,1200.0,11,2007,False,1,1900,
843,c,a,60.0,4,2006,False,1,1900,
844,a,a,2030.0,9,2012,True,18,2011,"Feb,May,Aug,Nov"
845,d,a,7860.0,11,2005,True,14,2011,"Jan,Apr,Jul,Oct"
846,a,c,8860.0,4,2004,True,37,2009,"Jan,Apr,Jul,Oct"
847,c,c,190.0,1,1900,True,31,2013,"Feb,May,Aug,Nov"
848,a,c,370.0,7,2007,True,14,2011,"Jan,Apr,Jul,Oct"
849,c,c,5000.0,1,1900,False,1,1900,
850,d,a,1120.0,5,2007,True,31,2013,"Jan,Apr,Jul,Oct"
851,d,c,2330.0,1,1900,True,49,2014,"Mar,Jun,Sept,Dec"
852,c,a,940.0,4,2004,True,14,2011,"Jan,Apr,Jul,Oct"
853,a,a,14040.0,1,1900,False,1,1900,
854,c,a,4770.0,1,1900,True,13,2010,"Jan,Apr,Jul,Oct"
855,a,a,3440.0,1,1900,True,45,2009,"Feb,May,Aug,Nov"
856,a,a,3020.0,2,2010,False,1,1900,
857,c,a,6270.0,8,2005,True,23,2014,"Mar,Jun,Sept,Dec"
858,a,a,3370.0,12,2008,True,40,2014,"Jan,Apr,Jul,Oct"
859,c,a,21770.0,7,2015,False,1,1900,
860,c,c,5980.0,2,2010,False,1,1900,
861,c,c,740.0,1,1900,True,14,2013,"Mar,Jun,Sept,Dec"
862,a,c,2840.0,3,2010,True,14,2011,"Jan,Apr,Jul,Oct"
863,a,c,21370.0,11,2010,False,1,1900,
864,a,a,1020.0,10,2012,True,45,2009,"Feb,May,Aug,Nov"
865,d,c,2640.0,1,1900,False,1,1900,
866,d,a,9680.0,1,1900,True,5,2013,"Feb,May,Aug,Nov"
867,d,c,21810.0,9,2012,False,1,1900,
868,d,c,1360.0,8,2005,True,10,2014,"Jan,Apr,Jul,Oct"
869,c,a,230.0,10,2001,True,14,2011,"Jan,Apr,Jul,Oct"
870,a,a,780.0,4,2009,False,1,1900,
871,d,c,10620.0,1,1900,False,1,1900,
872,a,c,3860.0,9,2014,True,23,2015,"Mar,Jun,Sept,Dec"
873,a,a,2040.0,11,2008,False,1,1900,
874,a,a,3210.0,1,1900,False,1,1900,
875,d,a,5070.0,11,2007,True,18,2015,"Feb,May,Aug,Nov"
876,a,a,21790.0,4,2005,True,18,2015,"Feb,May,Aug,Nov"
877,a,c,29190.0,1,1900,False,1,1900,
878,d,c,1100.0,12,2014,False,1,1900,
879,d,a,,1,1900,True,5,2013,"Feb,May,Aug,Nov"
880,a,c,4570.0,1,1900,False,1,1900,
881,a,a,180.0,3,2008,True,31,2013,"Feb,May,Aug,Nov"
882,a,a,30.0,4,2013,False,1,1900,
883,a,a,3200.0,6,2005,False,1,1900,
884,d,c,7550.0,1,1900,False,1,1900,
885,a,a,480.0,12,2005,False,1,1900,
886,a,c,12430.0,10,2004,False,1,1900,
887,d,a,19700.0,1,1900,True,37,2009,"Jan,Apr,Jul,Oct"
888,d,a,4450.0,6,2012,True,35,2012,"Mar,Jun,Sept,Dec"
889,d,a,18670.0,12,2005,False,1,1900,
890,a,a,4450.0,1,1900,True,14,2011,"Jan,Apr,Jul,Oct"
891,a,c,350.0,1,1900,True,31,2013,"Feb,May,Aug,Nov"
892,a,a,19370.0,4,2002,False,1,1900,
893,a,a,130.0,1,1900,True,1,2013,"Jan,Apr,Jul,Oct"
894,a,a,190.0,11,2012,False,1,1900,
895,a,c,4150.0,1,1900,False,1,1900,
896,a,c,170.0,9,2012,False,1,1900,
897,c,c,3290.0,1,2007,True,5,2013,"Feb,May,Aug,Nov"
898,a,a,18540.0,1,1900,False,1,1900,
899,d,a,2590.0,1,1900,True,13,2010,"Jan,Apr,Jul,Oct"
900,a,a,3920.0,4,2005,True,40,2014,"Jan,Apr,Jul,Oct"
901,a,c,3170.0,4,2014,False,1,1900,
902,a,a,310.0,5,2015,True,40,2014,"Jan,Apr,Jul,Oct"
903,d,c,7290.0,9,2014,False,1,1900,
904,d,c,570.0,7,2013,True,14,2011,"Jan,Apr,Jul,Oct"
905,a,a,90.0,6,2014,False,1,1900,
906,a,a,90.0,7,2010,False,1,1900,
907,a,c,250.0,1,1900,False,1,1900,
908,a,a,1980.0,7,2010,True,37,2009,"Jan,Apr,Jul,Oct"
909,a,c,1680.0,1,1900,True,45,2009,"Feb,May,Aug,Nov"
910,d,c,12480.0,1,1900,True,1,2013,"Jan,Apr,Jul,Oct"
911,a,c,16490.0,1,1900,False,1,1900,
912,c,c,3100.0,5,2010,False,1,1900,
913,a,a,280.0,1,1900,False,1,1900,
914,c,c,2640.0,4,2011,True,22,2012,"Mar,Jun,Sept,Dec"
915,d,c,650.0,3,2013,True,40,2014,"Jan,Apr,Jul,Oct"
916,a,a,90.0,11,2012,False,1,1900,
917,a,a,7240.0,2,2010,False,1,1900,
918,a,c,18710.0,4,2015,False,1,1900,
919,a,a,2620.0,1,1900,True,45,2009,"Feb,May,Aug,Nov"
920,a,a,850.0,2,2012,True,40,2014,"Jan,Apr,Jul,Oct"
921,a,a,840.0,9,2006,False,1,1900,
922,d,a,2110.0,3,2006,False,1,1900,
923,a,a,280.0,9,2008,False,1,1900,
924,a,a,6420.0,4,2011,True,1,2012,"Jan,Apr,Jul,Oct"
925,c,a,470.0,3,2007,True,1,2012,"Jan,Apr,Jul,Oct"
926,d,c,5150.0,3,2011,True,13,2010,"Jan,Apr,Jul,Oct"
927,a,a,480.0,1,1900,False,1,1900,
928,d,c,1090.0,1,1900,True,31,2013,"Feb,May,Aug,Nov"
929,a,c,4820.0,9,2013,False,1,1900,
930,a,a,70.0,1,1900,False,1,1900,
931,a,c,1480.0,9,2011,True,1,2012,"Jan,Apr,Jul,Oct"
932,a,a,15700.0,1,1900,True,13,2010,"Jan,Apr,Jul,Oct"
933,a,c,6270.0,2,2005,False,1,1900,
934,a,c,5460.0,1,1900,True,14,2011,"Jan,Apr,Jul,Oct"
935,a,c,22350.0,6,2010,False,1,1900,
936,a,a,580.0,2,2008,False,1,1900,
937,d,a,2810.0,1,1900,True,10,2014,"Jan,Apr,Jul,Oct"
938,a,a,2820.0,9,2009,False,1,1900,
939,d,a,1340.0,1,1900,False,1,1900,
940,d,c,6470.0,9,2012,False,1,1900,
941,a,a,1200.0,12,2011,True,31,2013,"Jan,Apr,Jul,Oct"
942,d,c,6860.0,1,1900,True,18,2011,"Jan,Apr,Jul,Oct"
943,d,c,18020.0,1,1900,False,1,1900,
944,c,a,1670.0,7,2015,False,1,1900,
945,a,c,12480.0,3,2011,False,1,1900,
946,a,a,2220.0,12,2011,True,14,2015,"Jan,Apr,Jul,Oct"
947,a,a,460.0,3,2014,True,13,2010,"Jan,Apr,Jul,Oct"
948,b,b,1430.0,1,1900,False,1,1900,
949,a,a,870.0,3,2006,False,1,1900,
950,a,a,8460.0,11,1994,False,1,1900,
951,d,c,710.0,1,1900,True,40,2011,"Jan,Apr,Jul,Oct"
952,d,c,6300.0,10,2013,False,1,1900,
953,a,a,19830.0,4,2006,True,22,2011,"Mar,Jun,Sept,Dec"
954,a,a,390.0,2,2013,True,10,2014,"Jan,Apr,Jul,Oct"
955,d,c,1690.0,7,2009,True,36,2013,"Mar,Jun,Sept,Dec"
956,a,a,2330.0,10,2014,True,18,2011,"Feb,May,Aug,Nov"
957,d,c,1420.0,11,2012,False,1,1900,
958,a,a,440.0,11,2013,False,1,1900,
959,a,c,1060.0,12,2005,False,1,1900,
960,d,a,8990.0,1,1900,True,31,2009,"Feb,May,Aug,Nov"
961,d,c,9430.0,1,1900,False,1,1900,
962,c,a,260.0,1,1900,False,1,1900,
963,a,c,23620.0,11,2013,False,1,1900,
964,a,a,270.0,1,1900,True,5,2013,"Feb,May,Aug,Nov"
965,a,c,110.0,1,1900,False,1,1900,
966,a,a,760.0,2,2008,False,1,1900,
967,a,c,3560.0,9,2013,True,36,2013,"Jan,Apr,Jul,Oct"
968,c,a,1190.0,1,1900,False,1,1900,
969,a,c,600.0,11,1999,True,10,2013,"Jan,Apr,Jul,Oct"
970,a,a,910.0,12,2014,True,37,2009,"Jan,Apr,Jul,Oct"
971,c,a,1140.0,5,2011,True,14,2012,"Mar,Jun,Sept,Dec"
972,a,a,14960.0,1,1900,False,1,1900,
973,d,c,330.0,1,1900,True,28,2012,"Jan,Apr,Jul,Oct"
974,a,a,150.0,3,2011,True,40,2014,"Jan,Apr,Jul,Oct"
975,a,c,9630.0,1,1900,True,14,2011,"Jan,Apr,Jul,Oct"
976,a,a,4180.0,1,1900,False,1,1900,
977,a,a,520.0,9,2005,True,13,2010,"Jan,Apr,Jul,Oct"
978,c,c,3890.0,1,1900,False,1,1900,
979,a,c,2270.0,11,2005,True,14,2011,"Jan,Apr,Jul,Oct"
980,a,a,4420.0,9,2005,False,1,1900,
981,d,c,2620.0,11,2002,False,1,1900,
982,d,a,21930.0,1,1900,False,1,1900,
983,a,a,40.0,3,2014,True,1,2014,"Jan,Apr,Jul,Oct"
984,c,a,440.0,1,1900,True,1,2013,"Jan,Apr,Jul,Oct"
985,c,c,490.0,5,2007,True,13,2010,"Jan,Apr,Jul,Oct"
986,a,a,620.0,10,2014,True,18,2014,"Feb,May,Aug,Nov"
987,c,a,1690.0,6,2007,False,1,1900,
988,a,a,30.0,11,2012,False,1,1900,
989,a,a,1640.0,6,2006,True,40,2011,"Jan,Apr,Jul,Oct"
990,d,a,20930.0,1,1900,False,1,1900,
991,a,a,1010.0,1,1900,False,1,1900,
992,a,a,2480.0,7,1990,False,1,1900,
993,d,c,3460.0,10,2013,True,10,2014,"Jan,Apr,Jul,Oct"
994,a,a,2290.0,7,2011,True,1,2012,"Jan,Apr,Jul,Oct"
995,d,a,6560.0,12,2013,False,1,1900,
996,c,a,2870.0,7,2015,True,13,2010,"Jan,Apr,Jul,Oct"
997,d,c,5840.0,7,2010,True,37,2009,"Jan,Apr,Jul,Oct"
998,a,a,780.0,9,2005,True,5,2013,"Feb,May,Aug,Nov"
999,d,c,15140.0,2,2002,True,37,2009,"Jan,Apr,Jul,Oct"
1000,a,c,2230.0,5,2009,True,40,2014,"Jan,Apr,Jul,Oct"
1001,c,a,19640.0,1,1900,True,14,2011,"Jan,Apr,Jul,Oct"
1002,d,c,1130.0,11,2008,False,1,1900,
1003,a,a,170.0,7,2013,True,27,2013,"Jan,Apr,Jul,Oct"
1004,d,c,970.0,1,1900,True,9,2011,"Mar,Jun,Sept,Dec"
1005,a,a,6480.0,1,1900,False,1,1900,
1006,c,c,3890.0,11,2006,True,5,2013,"Feb,May,Aug,Nov"
1007,c,c,4180.0,9,2012,False,1,1900,
1008,a,c,30.0,9,2010,False,1,1900,
1009,a,a,230.0,7,2004,True,10,2014,"Jan,Apr,Jul,Oct"
1010,d,c,4610.0,6,2010,True,18,2010,"Feb,May,Aug,Nov"
1011,a,c,490.0,9,2012,True,18,2011,"Feb,May,Aug,Nov"
1012,d,c,6330.0,6,2004,True,39,2010,"Jan,Apr,Jul,Oct"
1013,a,a,630.0,2,2015,True,31,2013,"Feb,May,Aug,Nov"
1014,a,c,210.0,1,1900,True,31,2013,"Jan,Apr,Jul,Oct"
1015,d,c,9910.0,12,2010,True,9,2011,"Mar,Jun,Sept,Dec"
1016,c,c,550.0,1,1900,True,35,2010,"Mar,Jun,Sept,Dec"
1017,c,a,110.0,11,2008,False,1,1900,
1018,c,c,140.0,9,2012,False,1,1900,
1019,d,c,2740.0,7,2014,True,13,2010,"Jan,Apr,Jul,Oct"
1020,a,a,40.0,8,2015,False,1,1900,
1021,a,a,1080.0,5,2011,False,1,1900,
1022,a,c,1520.0,1,1900,False,1,1900,
1023,c,a,3740.0,2,2002,True,14,2011,"Jan,Apr,Jul,Oct"
1024,c,c,1990.0,1,2012,False,1,1900,
1025,a,a,720.0,11,2009,False,1,1900,
1026,c,a,450.0,6,2011,True,48,2012,"Mar,Jun,Sept,Dec"
1027,a,c,190.0,6,2008,True,40,2011,"Jan,Apr,Jul,Oct"
1028,a,a,150.0,1,1900,True,31,2013,"Jan,Apr,Jul,Oct"
1029,a,a,1590.0,3,2006,False,1,1900,
1030,a,a,36410.0,4,2008,False,1,1900,
1031,d,a,590.0,5,2001,False,1,1900,
1032,d,c,270.0,2,2013,True,40,2012,"Jan,Apr,Jul,Oct"
1033,a,a,7680.0,3,2006,False,1,1900,
1034,a,a,13750.0,4,2015,False,1,1900,
1035,a,a,27150.0,1,1900,False,1,1900,
1036,d,c,9560.0,1,1900,True,36,2013,"Jan,Apr,Jul,Oct"
1037,a,c,150.0,1,1900,False,1,1900,
1038,d,a,17290.0,10,2013,False,1,1900,
1039,a,c,70.0,6,1990,True,22,2012,"Mar,Jun,Sept,Dec"
1040,a,a,4030.0,2,2013,True,10,2014,"Jan,Apr,Jul,Oct"
1041,c,a,1600.0,8,2013,True,40,2014,"Jan,Apr,Jul,Oct"
1042,a,a,3440.0,1,1900,True,31,2013,"Feb,May,Aug,Nov"
1043,c,a,420.0,3,2006,False,1,1900,
1044,c,a,240.0,4,2015,True,13,2010,"Jan,Apr,Jul,Oct"
1045,a,c,26990.0,12,2013,False,1,1900,
1046,d,c,29070.0,4,2005,False,1,1900,
1047,a,a,3750.0,1,1900,True,45,2009,"Feb,May,Aug,Nov"
1048,d,c,1860.0,9,2012,True,40,2012,"Jan,Apr,Jul,Oct"
1049,a,a,370.0,7,2012,True,14,2011,"Jan,Apr,Jul,Oct"
1050,d,c,13170.0,8,2014,True,9,2011,"Mar,Jun,Sept,Dec"
1051,c,a,200.0,7,1998,True,1,2012,"Jan,Apr,Jul,Oct"
1052,a,c,5080.0,1,1900,True,31,2013,"Feb,May,Aug,Nov"
1053,a,a,1710.0,7,2015,False,1,1900,
1054,a,c,13190.0,1,1900,True,45,2013,"Feb,May,Aug,Nov"
1055,c,a,1980.0,4,2009,False,1,1900,
1056,d,c,5350.0,1,1900,True,40,2012,"Jan,Apr,Jul,Oct"
1057,d,c,3230.0,11,2011,False,1,1900,
1058,a,c,180.0,1,1900,True,35,2010,"Mar,Jun,Sept,Dec"
1059,c,a,3380.0,4,2013,False,1,1900,
1060,a,c,3430.0,1,1900,True,31,2013,"Feb,May,Aug,Nov"
1061,d,c,8110.0,1,1900,False,1,1900,
1062,d,a,190.0,9,2012,True,40,2012,"Feb,May,Aug,Nov"
1063,a,c,6250.0,1,1900,False,1,1900,
1064,a,c,420.0,1,1900,False,1,1900,
1065,a,a,1290.0,1,1900,True,35,2011,"Mar,Jun,Sept,Dec"
1066,a,a,3350.0,1,1900,False,1,1900,
1067,d,c,12020.0,7,2009,False,1,1900,
1068,d,c,5010.0,1,1900,True,5,2013,"Jan,Apr,Jul,Oct"
1069,a,c,18050.0,1,1900,True,14,2011,"Jan,Apr,Jul,Oct"
1070,c,c,400.0,10,2008,False,1,1900,
1071,a,a,820.0,3,2012,True,35,2012,"Mar,Jun,Sept,Dec"
1072,a,c,5380.0,8,2015,True,5,2010,"Feb,May,Aug,Nov"
1073,a,c,1710.0,1,1900,True,44,2012,"Jan,Apr,Jul,Oct"
1074,c,c,3330.0,10,2001,True,14,2011,"Jan,Apr,Jul,Oct"
1075,a,c,1410.0,10,2013,False,1,1900,
1076,a,c,90.0,1,1900,True,1,2013,"Jan,Apr,Jul,Oct"
1077,a,a,3750.0,11,2001,True,35,2010,"Mar,Jun,Sept,Dec"
1078,d,c,670.0,1,1900,True,40,2011,"Jan,Apr,Jul,Oct"
1079,a,a,16680.0,1,1900,True,37,2009,"Jan,Apr,Jul,Oct"
1080,a,a,2410.0,1,1900,True,40,2014,"Jan,Apr,Jul,Oct"
1081,b,a,400.0,3,2006,False,1,1900,
1082,c,a,440.0,4,2002,False,1,1900,
1083,d,c,11540.0,1,1900,True,5,2013,"Feb,May,Aug,Nov"
1084,a,a,190.0,1,1900,True,13,2010,"Jan,Apr,Jul,Oct"
1085,c,a,4030.0,2,2015,False,1,1900,
1086,a,a,180.0,11,2013,True,18,2011,"Feb,May,Aug,Nov"
1087,d,c,2210.0,11,2011,False,1,1900,
1088,a,a,4300.0,3,2009,True,27,2013,"Jan,Apr,Jul,Oct"
1089,d,a,5220.0,5,2009,False,1,1900,
1090,a,a,330.0,1,1900,True,14,2011,"Jan,Apr,Jul,Oct"
1091,a,c,9990.0,1,1900,False,1,1900,
1092,a,a,300.0,7,2000,True,40,2014,"Jan,Apr,Jul,Oct"
1093,c,c,10450.0,6,2009,False,1,1900,
1094,d,a,2380.0,3,2013,True,40,2014,"Jan,Apr,Jul,Oct"
1095,a,a,690.0,6,2007,True,14,2011,"Jan,Apr,Jul,Oct"
1096,a,c,1130.0,1,1900,True,10,2014,"Mar,Jun,Sept,Dec"
1097,b,b,720.0,3,2002,False,1,1900,
1098,a,a,1830.0,11,2004,False,1,1900,
1099,a,c,200.0,4,2013,True,14,2013,"Jan,Apr,Jul,Oct"
1100,a,a,540.0,1,1900,True,14,2011,"Jan,Apr,Jul,Oct"
1101,d,c,4060.0,9,2012,False,1,1900,
1102,a,a,850.0,11,2012,True,40,2014,"Jan,Apr,Jul,Oct"
1103,d,c,1340.0,10,2006,True,5,2013,"Feb,May,Aug,Nov"
1104,d,a,260.0,2,2012,True,14,2011,"Jan,Apr,Jul,Oct"
1105,c,c,330.0,11,2008,True,5,2013,"Feb,May,Aug,Nov"
1106,a,c,5330.0,9,2011,True,31,2013,"Jan,Apr,Jul,Oct"
1107,a,a,1400.0,6,2012,True,13,2010,"Jan,Apr,Jul,Oct"
1108,a,a,540.0,4,2004,False,1,1900,
1109,c,a,3490.0,4,2011,True,22,2012,"Jan,Apr,Jul,Oct"
1110,c,c,900.0,9,2010,False,1,1900,
1111,a,a,1900.0,6,2014,True,31,2013,"Jan,Apr,Jul,Oct"
1112,c,c,1880.0,4,2006,False,1,1900,
1113,a,c,9260.0,1,1900,False,1,1900,
1114,a,c,870.0,1,1900,False,1,1900,
1115,d,c,5350.0,1,1900,True,22,2012,"Mar,Jun,Sept,Dec"
